"module name","license","repository"
"@alloc/quick-lru@5.2.0","MIT","https://github.com/sindresorhus/quick-lru"
"@astrojs/compiler@2.13.0","MIT","https://github.com/withastro/compiler"
"@astrojs/internal-helpers@0.7.3","MIT","https://github.com/withastro/astro"
"@astrojs/markdown-remark@6.3.7","MIT","https://github.com/withastro/astro"
"@astrojs/prism@3.3.0","MIT","https://github.com/withastro/astro"
"@astrojs/sitemap@3.6.0","MIT","https://github.com/withastro/astro"
"@astrojs/tailwind@5.1.5","MIT","https://github.com/withastro/astro"
"@astrojs/telemetry@3.3.0","MIT","https://github.com/withastro/astro"
"@babel/helper-string-parser@7.27.1","MIT","https://github.com/babel/babel"
"@babel/helper-validator-identifier@7.27.1","MIT","https://github.com/babel/babel"
"@babel/parser@7.28.4","MIT","https://github.com/babel/babel"
"@babel/types@7.28.4","MIT","https://github.com/babel/babel"
"@capsizecss/unpack@2.4.0","MIT","https://github.com/seek-oss/capsize"
"@esbuild/darwin-arm64@0.25.10","MIT","https://github.com/evanw/esbuild"
"@img/colour@1.0.0","MIT","https://github.com/lovell/colour"
"@img/sharp-darwin-arm64@0.34.4","Apache-2.0","https://github.com/lovell/sharp"
"@img/sharp-libvips-darwin-arm64@1.2.3","LGPL-3.0-or-later","https://github.com/lovell/sharp-libvips"
"@isaacs/cliui@8.0.2","ISC","https://github.com/yargs/cliui"
"@jridgewell/gen-mapping@0.3.13","MIT","https://github.com/jridgewell/sourcemaps"
"@jridgewell/resolve-uri@3.1.2","MIT","https://github.com/jridgewell/resolve-uri"
"@jridgewell/source-map@0.3.11","MIT","https://github.com/jridgewell/sourcemaps"
"@jridgewell/sourcemap-codec@1.5.5","MIT","https://github.com/jridgewell/sourcemaps"
"@jridgewell/trace-mapping@0.3.31","MIT","https://github.com/jridgewell/sourcemaps"
"@nodelib/fs.scandir@2.1.5","MIT","https://github.com/nodelib/nodelib/tree/master/packages/fs/fs.scandir"
"@nodelib/fs.stat@2.0.5","MIT","https://github.com/nodelib/nodelib/tree/master/packages/fs/fs.stat"
"@nodelib/fs.walk@1.2.8","MIT","https://github.com/nodelib/nodelib/tree/master/packages/fs/fs.walk"
"@oslojs/encoding@1.1.0","MIT","https://github.com/oslo-project/encoding"
"@pkgjs/parseargs@0.11.0","MIT","https://github.com/pkgjs/parseargs"
"@rollup/pluginutils@5.3.0","MIT","https://github.com/rollup/plugins"
"@rollup/rollup-darwin-arm64@4.52.3","MIT","https://github.com/rollup/rollup"
"@shikijs/core@3.13.0","MIT","https://github.com/shikijs/shiki"
"@shikijs/engine-javascript@3.13.0","MIT","https://github.com/shikijs/shiki"
"@shikijs/engine-oniguruma@3.13.0","MIT","https://github.com/shikijs/shiki"
"@shikijs/langs@3.13.0","MIT","https://github.com/shikijs/shiki"
"@shikijs/themes@3.13.0","MIT","https://github.com/shikijs/shiki"
"@shikijs/types@3.13.0","MIT","https://github.com/shikijs/shiki"
"@shikijs/vscode-textmate@10.0.2","MIT","https://github.com/shikijs/vscode-textmate"
"@swc/helpers@0.5.17","Apache-2.0","https://github.com/swc-project/swc"
"@types/debug@4.1.12","MIT","https://github.com/DefinitelyTyped/DefinitelyTyped"
"@types/estree@1.0.8","MIT","https://github.com/DefinitelyTyped/DefinitelyTyped"
"@types/fontkit@2.0.8","MIT","https://github.com/DefinitelyTyped/DefinitelyTyped"
"@types/hast@3.0.4","MIT","https://github.com/DefinitelyTyped/DefinitelyTyped"
"@types/mdast@4.0.4","MIT","https://github.com/DefinitelyTyped/DefinitelyTyped"
"@types/ms@2.1.0","MIT","https://github.com/DefinitelyTyped/DefinitelyTyped"
"@types/nlcst@2.0.3","MIT","https://github.com/DefinitelyTyped/DefinitelyTyped"
"@types/node@17.0.45","MIT","https://github.com/DefinitelyTyped/DefinitelyTyped"
"@types/node@22.13.14","MIT","https://github.com/DefinitelyTyped/DefinitelyTyped"
"@types/sax@1.2.7","MIT","https://github.com/DefinitelyTyped/DefinitelyTyped"
"@types/unist@3.0.3","MIT","https://github.com/DefinitelyTyped/DefinitelyTyped"
"@ungap/structured-clone@1.3.0","ISC","https://github.com/ungap/structured-clone"
"acorn@8.15.0","MIT","https://github.com/acornjs/acorn"
"ansi-align@3.0.1","ISC","https://github.com/nexdrew/ansi-align"
"ansi-regex@5.0.1","MIT","https://github.com/chalk/ansi-regex"
"ansi-regex@6.2.2","MIT","https://github.com/chalk/ansi-regex"
"ansi-styles@4.3.0","MIT","https://github.com/chalk/ansi-styles"
"ansi-styles@6.2.3","MIT","https://github.com/chalk/ansi-styles"
"any-promise@1.3.0","MIT","https://github.com/kevinbeaty/any-promise"
"anymatch@3.1.3","ISC","https://github.com/micromatch/anymatch"
"arg@5.0.2","MIT","https://github.com/vercel/arg"
"argparse@2.0.1","Python-2.0","https://github.com/nodeca/argparse"
"aria-query@5.3.2","Apache-2.0","https://github.com/A11yance/aria-query"
"array-iterate@2.0.1","MIT","https://github.com/wooorm/array-iterate"
"astro@5.14.1","MIT","https://github.com/withastro/astro"
"autoprefixer@10.4.21","MIT","https://github.com/postcss/autoprefixer"
"axobject-query@4.1.0","Apache-2.0","https://github.com/A11yance/axobject-query"
"bail@2.0.2","MIT","https://github.com/wooorm/bail"
"balanced-match@1.0.2","MIT","https://github.com/juliangruber/balanced-match"
"base-64@1.0.0","MIT","https://github.com/mathiasbynens/base64"
"base64-js@1.5.1","MIT","https://github.com/beatgammit/base64-js"
"baseline-browser-mapping@2.8.10","Apache-2.0","https://github.com/web-platform-dx/baseline-browser-mapping"
"binary-extensions@2.3.0","MIT","https://github.com/sindresorhus/binary-extensions"
"blob-to-buffer@1.2.9","MIT","https://github.com/feross/blob-to-buffer"
"boxen@8.0.1","MIT","https://github.com/sindresorhus/boxen"
"brace-expansion@2.0.2","MIT","https://github.com/juliangruber/brace-expansion"
"braces@3.0.3","MIT","https://github.com/micromatch/braces"
"brotli@1.3.3","MIT","https://github.com/devongovett/brotli.js"
"browserslist@4.26.3","MIT","https://github.com/browserslist/browserslist"
"buffer-from@1.1.2","MIT","https://github.com/LinusU/buffer-from"
"camelcase-css@2.0.1","MIT","https://github.com/stevenvachon/camelcase-css"
"camelcase@8.0.0","MIT","https://github.com/sindresorhus/camelcase"
"caniuse-lite@1.0.30001746","CC-BY-4.0","https://github.com/browserslist/caniuse-lite"
"ccount@2.0.1","MIT","https://github.com/wooorm/ccount"
"chalk@5.6.2","MIT","https://github.com/chalk/chalk"
"character-entities-html4@2.1.0","MIT","https://github.com/wooorm/character-entities-html4"
"character-entities-legacy@3.0.0","MIT","https://github.com/wooorm/character-entities-legacy"
"character-entities@2.0.2","MIT","https://github.com/wooorm/character-entities"
"chokidar@3.6.0","MIT","https://github.com/paulmillr/chokidar"
"chokidar@4.0.3","MIT","https://github.com/paulmillr/chokidar"
"ci-info@4.3.0","MIT","https://github.com/watson/ci-info"
"cli-boxes@3.0.0","MIT","https://github.com/sindresorhus/cli-boxes"
"clone@2.1.2","MIT","https://github.com/pvorb/node-clone"
"clsx@2.1.1","MIT","https://github.com/lukeed/clsx"
"color-convert@2.0.1","MIT","https://github.com/Qix-/color-convert"
"color-name@1.1.4","MIT","https://github.com/colorjs/color-name"
"comma-separated-tokens@2.0.3","MIT","https://github.com/wooorm/comma-separated-tokens"
"commander@2.20.3","MIT","https://github.com/tj/commander.js"
"commander@4.1.1","MIT","https://github.com/tj/commander.js"
"common-ancestor-path@1.0.1","ISC","https://github.com/isaacs/common-ancestor-path"
"cookie-es@1.2.2","MIT","https://github.com/unjs/cookie-es"
"cookie@1.0.2","MIT","https://github.com/jshttp/cookie"
"cross-fetch@3.2.0","MIT","https://github.com/lquixada/cross-fetch"
"cross-spawn@7.0.6","MIT","https://github.com/moxystudio/node-cross-spawn"
"crossws@0.3.5","MIT","https://github.com/h3js/crossws"
"css-tree@3.1.0","MIT","https://github.com/csstree/csstree"
"cssesc@3.0.0","MIT","https://github.com/mathiasbynens/cssesc"
"debug@4.4.3","MIT","https://github.com/debug-js/debug"
"decode-named-character-reference@1.2.0","MIT","https://github.com/wooorm/decode-named-character-reference"
"defu@6.1.4","MIT","https://github.com/unjs/defu"
"dequal@2.0.3","MIT","https://github.com/lukeed/dequal"
"destr@2.0.5","MIT","https://github.com/unjs/destr"
"detect-libc@2.1.1","Apache-2.0","https://github.com/lovell/detect-libc"
"deterministic-object-hash@2.0.2","MIT","https://github.com/zbauman3/Deterministic-Object-Hash"
"devalue@5.3.2","MIT","https://github.com/sveltejs/devalue"
"devlop@1.1.0","MIT","https://github.com/wooorm/devlop"
"dfa@1.2.0","MIT","https://github.com/devongovett/dfa"
"didyoumean@1.2.2","Apache-2.0","https://github.com/dcporter/didyoumean.js"
"diff@5.2.0","BSD-3-Clause","https://github.com/kpdecker/jsdiff"
"dlv@1.1.3","MIT","https://github.com/developit/dlv"
"dset@3.1.4","MIT","https://github.com/lukeed/dset"
"eastasianwidth@0.2.0","MIT","https://github.com/komagata/eastasianwidth"
"electron-to-chromium@1.5.229","ISC","https://github.com/kilian/electron-to-chromium"
"emoji-regex@10.5.0","MIT","https://github.com/mathiasbynens/emoji-regex"
"emoji-regex@8.0.0","MIT","https://github.com/mathiasbynens/emoji-regex"
"emoji-regex@9.2.2","MIT","https://github.com/mathiasbynens/emoji-regex"
"entities@6.0.1","BSD-2-Clause","https://github.com/fb55/entities"
"es-module-lexer@1.7.0","MIT","https://github.com/guybedford/es-module-lexer"
"esbuild@0.25.10","MIT","https://github.com/evanw/esbuild"
"escalade@3.2.0","MIT","https://github.com/lukeed/escalade"
"escape-string-regexp@5.0.0","MIT","https://github.com/sindresorhus/escape-string-regexp"
"estree-walker@2.0.2","MIT","https://github.com/Rich-Harris/estree-walker"
"estree-walker@3.0.3","MIT","https://github.com/Rich-Harris/estree-walker"
"eventemitter3@5.0.1","MIT","https://github.com/primus/eventemitter3"
"extend@3.0.2","MIT","https://github.com/justmoon/node-extend"
"fast-deep-equal@3.1.3","MIT","https://github.com/epoberezkin/fast-deep-equal"
"fast-glob@3.3.3","MIT","https://github.com/mrmlnc/fast-glob"
"fastq@1.19.1","ISC","https://github.com/mcollina/fastq"
"fdir@6.5.0","MIT","https://github.com/thecodrr/fdir"
"fill-range@7.1.1","MIT","https://github.com/jonschlinkert/fill-range"
"flattie@1.1.1","MIT","https://github.com/lukeed/flattie"
"fontace@0.3.0","MIT","https://github.com/delucis/fontace"
"fontkit@2.0.4","MIT","https://github.com/foliojs/fontkit"
"foreground-child@3.3.1","ISC","https://github.com/tapjs/foreground-child"
"fraction.js@4.3.7","MIT","https://github.com/rawify/Fraction.js"
"fsevents@2.3.3","MIT","https://github.com/fsevents/fsevents"
"function-bind@1.1.2","MIT","https://github.com/Raynos/function-bind"
"get-east-asian-width@1.4.0","MIT","https://github.com/sindresorhus/get-east-asian-width"
"github-slugger@2.0.0","ISC","https://github.com/Flet/github-slugger"
"glob-parent@5.1.2","ISC","https://github.com/gulpjs/glob-parent"
"glob-parent@6.0.2","ISC","https://github.com/gulpjs/glob-parent"
"glob@10.4.5","ISC","https://github.com/isaacs/node-glob"
"h3@1.15.4","MIT","https://github.com/h3js/h3"
"hasown@2.0.2","MIT","https://github.com/inspect-js/hasOwn"
"hast-util-from-html@2.0.3","MIT","https://github.com/syntax-tree/hast-util-from-html"
"hast-util-from-parse5@8.0.3","MIT","https://github.com/syntax-tree/hast-util-from-parse5"
"hast-util-is-element@3.0.0","MIT","https://github.com/syntax-tree/hast-util-is-element"
"hast-util-parse-selector@4.0.0","MIT","https://github.com/syntax-tree/hast-util-parse-selector"
"hast-util-raw@9.1.0","MIT","https://github.com/syntax-tree/hast-util-raw"
"hast-util-to-html@9.0.5","MIT","https://github.com/syntax-tree/hast-util-to-html"
"hast-util-to-parse5@8.0.0","MIT","https://github.com/syntax-tree/hast-util-to-parse5"
"hast-util-to-text@4.0.2","MIT","https://github.com/syntax-tree/hast-util-to-text"
"hast-util-whitespace@3.0.0","MIT","https://github.com/syntax-tree/hast-util-whitespace"
"hastscript@9.0.1","MIT","https://github.com/syntax-tree/hastscript"
"html-escaper@3.0.3","MIT","https://github.com/WebReflection/html-escaper"
"html-void-elements@3.0.0","MIT","https://github.com/wooorm/html-void-elements"
"http-cache-semantics@4.2.0","BSD-2-Clause","https://github.com/kornelski/http-cache-semantics"
"import-meta-resolve@4.2.0","MIT","https://github.com/wooorm/import-meta-resolve"
"iron-webcrypto@1.2.1","MIT","https://github.com/brc-dd/iron-webcrypto"
"is-binary-path@2.1.0","MIT","https://github.com/sindresorhus/is-binary-path"
"is-core-module@2.16.1","MIT","https://github.com/inspect-js/is-core-module"
"is-docker@3.0.0","MIT","https://github.com/sindresorhus/is-docker"
"is-extglob@2.1.1","MIT","https://github.com/jonschlinkert/is-extglob"
"is-fullwidth-code-point@3.0.0","MIT","https://github.com/sindresorhus/is-fullwidth-code-point"
"is-glob@4.0.3","MIT","https://github.com/micromatch/is-glob"
"is-inside-container@1.0.0","MIT","https://github.com/sindresorhus/is-inside-container"
"is-number@7.0.0","MIT","https://github.com/jonschlinkert/is-number"
"is-plain-obj@4.1.0","MIT","https://github.com/sindresorhus/is-plain-obj"
"is-wsl@3.1.0","MIT","https://github.com/sindresorhus/is-wsl"
"isexe@2.0.0","ISC","https://github.com/isaacs/isexe"
"jackspeak@3.4.3","BlueOak-1.0.0","https://github.com/isaacs/jackspeak"
"jiti@1.21.7","MIT","https://github.com/unjs/jiti"
"js-yaml@4.1.0","MIT","https://github.com/nodeca/js-yaml"
"kleur@3.0.3","MIT","https://github.com/lukeed/kleur"
"kleur@4.1.5","MIT","https://github.com/lukeed/kleur"
"lightningcss-darwin-arm64@1.29.3","MPL-2.0","https://github.com/parcel-bundler/lightningcss"
"lightningcss@1.29.3","MPL-2.0","https://github.com/parcel-bundler/lightningcss"
"lilconfig@3.1.3","MIT","https://github.com/antonk52/lilconfig"
"lines-and-columns@1.2.4","MIT","https://github.com/eventualbuddha/lines-and-columns"
"longest-streak@3.1.0","MIT","https://github.com/wooorm/longest-streak"
"lru-cache@10.4.3","ISC","https://github.com/isaacs/node-lru-cache"
"magic-string@0.30.19","MIT","https://github.com/rich-harris/magic-string"
"magicast@0.3.5","MIT","https://github.com/unjs/magicast"
"markdown-table@3.0.4","MIT","https://github.com/wooorm/markdown-table"
"mdast-util-definitions@6.0.0","MIT","https://github.com/syntax-tree/mdast-util-definitions"
"mdast-util-find-and-replace@3.0.2","MIT","https://github.com/syntax-tree/mdast-util-find-and-replace"
"mdast-util-from-markdown@2.0.2","MIT","https://github.com/syntax-tree/mdast-util-from-markdown"
"mdast-util-gfm-autolink-literal@2.0.1","MIT","https://github.com/syntax-tree/mdast-util-gfm-autolink-literal"
"mdast-util-gfm-footnote@2.1.0","MIT","https://github.com/syntax-tree/mdast-util-gfm-footnote"
"mdast-util-gfm-strikethrough@2.0.0","MIT","https://github.com/syntax-tree/mdast-util-gfm-strikethrough"
"mdast-util-gfm-table@2.0.0","MIT","https://github.com/syntax-tree/mdast-util-gfm-table"
"mdast-util-gfm-task-list-item@2.0.0","MIT","https://github.com/syntax-tree/mdast-util-gfm-task-list-item"
"mdast-util-gfm@3.1.0","MIT","https://github.com/syntax-tree/mdast-util-gfm"
"mdast-util-phrasing@4.1.0","MIT","https://github.com/syntax-tree/mdast-util-phrasing"
"mdast-util-to-hast@13.2.0","MIT","https://github.com/syntax-tree/mdast-util-to-hast"
"mdast-util-to-markdown@2.1.2","MIT","https://github.com/syntax-tree/mdast-util-to-markdown"
"mdast-util-to-string@4.0.0","MIT","https://github.com/syntax-tree/mdast-util-to-string"
"mdn-data@2.12.2","CC0-1.0","https://github.com/mdn/data"
"merge2@1.4.1","MIT","https://github.com/teambition/merge2"
"micromark-core-commonmark@2.0.3","MIT","https://github.com/micromark/micromark/tree/main/packages/micromark-core-commonmark"
"micromark-extension-gfm-autolink-literal@2.1.0","MIT","https://github.com/micromark/micromark-extension-gfm-autolink-literal"
"micromark-extension-gfm-footnote@2.1.0","MIT","https://github.com/micromark/micromark-extension-gfm-footnote"
"micromark-extension-gfm-strikethrough@2.1.0","MIT","https://github.com/micromark/micromark-extension-gfm-strikethrough"
"micromark-extension-gfm-table@2.1.1","MIT","https://github.com/micromark/micromark-extension-gfm-table"
"micromark-extension-gfm-tagfilter@2.0.0","MIT","https://github.com/micromark/micromark-extension-gfm-tagfilter"
"micromark-extension-gfm-task-list-item@2.1.0","MIT","https://github.com/micromark/micromark-extension-gfm-task-list-item"
"micromark-extension-gfm@3.0.0","MIT","https://github.com/micromark/micromark-extension-gfm"
"micromark-factory-destination@2.0.1","MIT","https://github.com/micromark/micromark/tree/main/packages/micromark-factory-destination"
"micromark-factory-label@2.0.1","MIT","https://github.com/micromark/micromark/tree/main/packages/micromark-factory-label"
"micromark-factory-space@2.0.1","MIT","https://github.com/micromark/micromark/tree/main/packages/micromark-factory-space"
"micromark-factory-title@2.0.1","MIT","https://github.com/micromark/micromark/tree/main/packages/micromark-factory-title"
"micromark-factory-whitespace@2.0.1","MIT","https://github.com/micromark/micromark/tree/main/packages/micromark-factory-whitespace"
"micromark-util-character@2.1.1","MIT","https://github.com/micromark/micromark/tree/main/packages/micromark-util-character"
"micromark-util-chunked@2.0.1","MIT","https://github.com/micromark/micromark/tree/main/packages/micromark-util-chunked"
"micromark-util-classify-character@2.0.1","MIT","https://github.com/micromark/micromark/tree/main/packages/micromark-util-classify-character"
"micromark-util-combine-extensions@2.0.1","MIT","https://github.com/micromark/micromark/tree/main/packages/micromark-util-combine-extensions"
"micromark-util-decode-numeric-character-reference@2.0.2","MIT","https://github.com/micromark/micromark/tree/main/packages/micromark-util-decode-numeric-character-reference"
"micromark-util-decode-string@2.0.1","MIT","https://github.com/micromark/micromark/tree/main/packages/micromark-util-decode-string"
"micromark-util-encode@2.0.1","MIT","https://github.com/micromark/micromark/tree/main/packages/micromark-util-encode"
"micromark-util-html-tag-name@2.0.1","MIT","https://github.com/micromark/micromark/tree/main/packages/micromark-util-html-tag-name"
"micromark-util-normalize-identifier@2.0.1","MIT","https://github.com/micromark/micromark/tree/main/packages/micromark-util-normalize-identifier"
"micromark-util-resolve-all@2.0.1","MIT","https://github.com/micromark/micromark/tree/main/packages/micromark-util-resolve-all"
"micromark-util-sanitize-uri@2.0.1","MIT","https://github.com/micromark/micromark/tree/main/packages/micromark-util-sanitize-uri"
"micromark-util-subtokenize@2.1.0","MIT","https://github.com/micromark/micromark/tree/main/packages/micromark-util-subtokenize"
"micromark-util-symbol@2.0.1","MIT","https://github.com/micromark/micromark/tree/main/packages/micromark-util-symbol"
"micromark-util-types@2.0.2","MIT","https://github.com/micromark/micromark/tree/main/packages/micromark-util-types"
"micromark@4.0.2","MIT","https://github.com/micromark/micromark/tree/main/packages/micromark"
"micromatch@4.0.8","MIT","https://github.com/micromatch/micromatch"
"minimatch@9.0.5","ISC","https://github.com/isaacs/minimatch"
"minipass@7.1.2","ISC","https://github.com/isaacs/minipass"
"mrmime@2.0.1","MIT","https://github.com/lukeed/mrmime"
"ms@2.1.3","MIT","https://github.com/vercel/ms"
"mz@2.7.0","MIT","https://github.com/normalize/mz"
"nanoid@3.3.11","MIT","https://github.com/ai/nanoid"
"neotraverse@0.6.18","MIT","https://github.com/PuruVJ/neotraverse"
"nlcst-to-string@4.0.0","MIT","https://github.com/syntax-tree/nlcst-to-string"
"node-fetch-native@1.6.7","MIT","https://github.com/unjs/node-fetch-native"
"node-fetch@2.7.0","MIT","https://github.com/bitinn/node-fetch"
"node-mock-http@1.0.3","MIT","https://github.com/unjs/node-mock-http"
"node-releases@2.0.21","MIT","https://github.com/chicoxyzzy/node-releases"
"normalize-path@3.0.0","MIT","https://github.com/jonschlinkert/normalize-path"
"normalize-range@0.1.2","MIT","https://github.com/jamestalmage/normalize-range"
"object-assign@4.1.1","MIT","https://github.com/sindresorhus/object-assign"
"object-hash@3.0.0","MIT","https://github.com/puleos/object-hash"
"ofetch@1.4.1","MIT","https://github.com/unjs/ofetch"
"ohash@2.0.11","MIT","https://github.com/unjs/ohash"
"oniguruma-parser@0.12.1","MIT","https://github.com/slevithan/oniguruma-parser"
"oniguruma-to-es@4.3.3","MIT","https://github.com/slevithan/oniguruma-to-es"
"p-limit@6.2.0","MIT","https://github.com/sindresorhus/p-limit"
"p-queue@8.1.1","MIT","https://github.com/sindresorhus/p-queue"
"p-timeout@6.1.4","MIT","https://github.com/sindresorhus/p-timeout"
"package-json-from-dist@1.0.1","BlueOak-1.0.0","https://github.com/isaacs/package-json-from-dist"
"package-manager-detector@1.3.0","MIT","https://github.com/antfu-collective/package-manager-detector"
"pako@0.2.9","MIT","https://github.com/nodeca/pako"
"parse-latin@7.0.0","MIT","https://github.com/wooorm/parse-latin"
"parse5@7.3.0","MIT","https://github.com/inikulin/parse5"
"path-key@3.1.1","MIT","https://github.com/sindresorhus/path-key"
"path-parse@1.0.7","MIT","https://github.com/jbgutierrez/path-parse"
"path-scurry@1.11.1","BlueOak-1.0.0","https://github.com/isaacs/path-scurry"
"picocolors@1.1.1","ISC","https://github.com/alexeyraspopov/picocolors"
"picomatch@2.3.1","MIT","https://github.com/micromatch/picomatch"
"picomatch@4.0.3","MIT","https://github.com/micromatch/picomatch"
"pify@2.3.0","MIT","https://github.com/sindresorhus/pify"
"pirates@4.0.7","MIT","https://github.com/danez/pirates"
"postcss-import@15.1.0","MIT","https://github.com/postcss/postcss-import"
"postcss-js@4.1.0","MIT","https://github.com/postcss/postcss-js"
"postcss-load-config@4.0.2","MIT","https://github.com/postcss/postcss-load-config"
"postcss-nested@6.2.0","MIT","https://github.com/postcss/postcss-nested"
"postcss-selector-parser@6.1.2","MIT","https://github.com/postcss/postcss-selector-parser"
"postcss-value-parser@4.2.0","MIT","https://github.com/TrySound/postcss-value-parser"
"postcss@8.5.6","MIT","https://github.com/postcss/postcss"
"prismjs@1.30.0","MIT","https://github.com/PrismJS/prism"
"prompts@2.4.2","MIT","https://github.com/terkelg/prompts"
"property-information@6.5.0","MIT","https://github.com/wooorm/property-information"
"property-information@7.1.0","MIT","https://github.com/wooorm/property-information"
"queue-microtask@1.2.3","MIT","https://github.com/feross/queue-microtask"
"radix3@1.1.2","MIT","https://github.com/unjs/radix3"
"read-cache@1.0.0","MIT","https://github.com/TrySound/read-cache"
"readdirp@3.6.0","MIT","https://github.com/paulmillr/readdirp"
"readdirp@4.1.2","MIT","https://github.com/paulmillr/readdirp"
"regex-recursion@6.0.2","MIT","https://github.com/slevithan/regex-recursion"
"regex-utilities@2.3.0","MIT","https://github.com/slevithan/regex-utilities"
"regex@6.0.1","MIT","https://github.com/slevithan/regex"
"rehype-parse@9.0.1","MIT","https://github.com/rehypejs/rehype/tree/main/packages/rehype-parse"
"rehype-raw@7.0.0","MIT","https://github.com/rehypejs/rehype-raw"
"rehype-stringify@10.0.1","MIT","https://github.com/rehypejs/rehype/tree/main/packages/rehype-stringify"
"rehype@13.0.2","MIT","https://github.com/rehypejs/rehype/tree/main/packages/rehype"
"remark-gfm@4.0.1","MIT","https://github.com/remarkjs/remark-gfm"
"remark-parse@11.0.0","MIT","https://github.com/remarkjs/remark/tree/main/packages/remark-parse"
"remark-rehype@11.1.2","MIT","https://github.com/remarkjs/remark-rehype"
"remark-smartypants@3.0.2","MIT","https://github.com/silvenon/remark-smartypants"
"remark-stringify@11.0.0","MIT","https://github.com/remarkjs/remark/tree/main/packages/remark-stringify"
"resolve@1.22.10","MIT","https://github.com/browserify/resolve"
"restructure@3.0.2","MIT","https://github.com/devongovett/restructure"
"retext-latin@4.0.0","MIT","https://github.com/retextjs/retext/tree/main/packages/retext-latin"
"retext-smartypants@6.2.0","MIT","https://github.com/retextjs/retext-smartypants"
"retext-stringify@4.0.0","MIT","https://github.com/retextjs/retext/tree/main/packages/retext-stringify"
"retext@9.0.0","MIT","https://github.com/retextjs/retext/tree/main/packages/retext"
"reusify@1.1.0","MIT","https://github.com/mcollina/reusify"
"rollup@4.52.3","MIT","https://github.com/rollup/rollup"
"run-parallel@1.2.0","MIT","https://github.com/feross/run-parallel"
"sax@1.4.1","ISC","https://github.com/isaacs/sax-js"
"semver@7.7.2","ISC","https://github.com/npm/node-semver"
"sharp@0.34.4","Apache-2.0","https://github.com/lovell/sharp"
"shebang-command@2.0.0","MIT","https://github.com/kevva/shebang-command"
"shebang-regex@3.0.0","MIT","https://github.com/sindresorhus/shebang-regex"
"shiki@3.13.0","MIT","https://github.com/shikijs/shiki"
"signal-exit@4.1.0","ISC","https://github.com/tapjs/signal-exit"
"sisteransi@1.0.5","MIT","https://github.com/terkelg/sisteransi"
"sitemap@8.0.0","MIT","https://github.com/ekalinin/sitemap.js"
"smol-toml@1.4.2","BSD-3-Clause","https://github.com/squirrelchat/smol-toml"
"source-map-js@1.2.1","BSD-3-Clause","https://github.com/7rulnik/source-map-js"
"source-map-support@0.5.21","MIT","https://github.com/evanw/node-source-map-support"
"source-map@0.6.1","BSD-3-Clause","https://github.com/mozilla/source-map"
"space-separated-tokens@2.0.2","MIT","https://github.com/wooorm/space-separated-tokens"
"stream-replace-string@2.0.0","MIT","https://github.com/ChocolateLoverRaj/stream-replace-string"
"string-width@4.2.3","MIT","https://github.com/sindresorhus/string-width"
"string-width@5.1.2","MIT","https://github.com/sindresorhus/string-width"
"string-width@7.2.0","MIT","https://github.com/sindresorhus/string-width"
"stringify-entities@4.0.4","MIT","https://github.com/wooorm/stringify-entities"
"strip-ansi@6.0.1","MIT","https://github.com/chalk/strip-ansi"
"strip-ansi@7.1.2","MIT","https://github.com/chalk/strip-ansi"
"sucrase@3.35.0","MIT","https://github.com/alangpierce/sucrase"
"supports-preserve-symlinks-flag@1.0.0","MIT","https://github.com/inspect-js/node-supports-preserve-symlinks-flag"
"tailwindcss@3.4.18","MIT","https://github.com/tailwindlabs/tailwindcss"
"terser@5.39.0","BSD-2-Clause","https://github.com/terser/terser"
"thenify-all@1.6.0","MIT","https://github.com/thenables/thenify-all"
"thenify@3.3.1","MIT","https://github.com/thenables/thenify"
"tiny-inflate@1.0.3","MIT","https://github.com/devongovett/tiny-inflate"
"tinyexec@0.3.2","MIT","https://github.com/tinylibs/tinyexec"
"tinyglobby@0.2.15","MIT","https://github.com/SuperchupuDev/tinyglobby"
"to-regex-range@5.0.1","MIT","https://github.com/micromatch/to-regex-range"
"tr46@0.0.3","MIT","https://github.com/Sebmaster/tr46.js"
"trim-lines@3.0.1","MIT","https://github.com/wooorm/trim-lines"
"trough@2.2.0","MIT","https://github.com/wooorm/trough"
"ts-interface-checker@0.1.13","Apache-2.0","https://github.com/gristlabs/ts-interface-checker"
"tsconfck@3.1.6","MIT","https://github.com/dominikg/tsconfck"
"tslib@2.8.1","0BSD","https://github.com/Microsoft/tslib"
"type-fest@4.41.0","(MIT OR CC0-1.0)","https://github.com/sindresorhus/type-fest"
"typescript@5.9.3","Apache-2.0","https://github.com/microsoft/TypeScript"
"ufo@1.6.1","MIT","https://github.com/unjs/ufo"
"ultrahtml@1.6.0","MIT","https://github.com/natemoo-re/ultrahtml"
"uncrypto@0.1.3","MIT","https://github.com/unjs/uncrypto"
"undici-types@6.20.0","MIT","https://github.com/nodejs/undici"
"unicode-properties@1.4.1","MIT","https://github.com/devongovett/unicode-properties"
"unicode-trie@2.0.0","MIT","https://github.com/devongovett/unicode-trie"
"unified@11.0.5","MIT","https://github.com/unifiedjs/unified"
"unifont@0.5.2","MIT","https://github.com/unjs/unifont"
"unist-util-find-after@5.0.0","MIT","https://github.com/syntax-tree/unist-util-find-after"
"unist-util-is@6.0.0","MIT","https://github.com/syntax-tree/unist-util-is"
"unist-util-modify-children@4.0.0","MIT","https://github.com/syntax-tree/unist-util-modify-children"
"unist-util-position@5.0.0","MIT","https://github.com/syntax-tree/unist-util-position"
"unist-util-remove-position@5.0.0","MIT","https://github.com/syntax-tree/unist-util-remove-position"
"unist-util-stringify-position@4.0.0","MIT","https://github.com/syntax-tree/unist-util-stringify-position"
"unist-util-visit-children@3.0.0","MIT","https://github.com/syntax-tree/unist-util-visit-children"
"unist-util-visit-parents@6.0.1","MIT","https://github.com/syntax-tree/unist-util-visit-parents"
"unist-util-visit@5.0.0","MIT","https://github.com/syntax-tree/unist-util-visit"
"unstorage@1.17.1","MIT","https://github.com/unjs/unstorage"
"update-browserslist-db@1.1.3","MIT","https://github.com/browserslist/update-db"
"util-deprecate@1.0.2","MIT","https://github.com/TooTallNate/util-deprecate"
"vfile-location@5.0.3","MIT","https://github.com/vfile/vfile-location"
"vfile-message@4.0.3","MIT","https://github.com/vfile/vfile-message"
"vfile@6.0.3","MIT","https://github.com/vfile/vfile"
"vite@6.3.6","MIT","https://github.com/vitejs/vite"
"vitefu@1.1.1","MIT","https://github.com/svitejs/vitefu"
"web-namespaces@2.0.1","MIT","https://github.com/wooorm/web-namespaces"
"webidl-conversions@3.0.1","BSD-2-Clause","https://github.com/jsdom/webidl-conversions"
"whatwg-url@5.0.0","MIT","https://github.com/jsdom/whatwg-url"
"which-pm-runs@1.1.0","MIT","https://github.com/zkochan/packages/tree/main/which-pm-runs"
"which@2.0.2","ISC","https://github.com/isaacs/node-which"
"widest-line@5.0.0","MIT","https://github.com/sindresorhus/widest-line"
"wrap-ansi@7.0.0","MIT","https://github.com/chalk/wrap-ansi"
"wrap-ansi@8.1.0","MIT","https://github.com/chalk/wrap-ansi"
"wrap-ansi@9.0.2","MIT","https://github.com/chalk/wrap-ansi"
"xxhash-wasm@1.1.0","MIT","https://github.com/jungomi/xxhash-wasm"
"yaml@2.8.1","ISC","https://github.com/eemeli/yaml"
"yargs-parser@21.1.1","ISC","https://github.com/yargs/yargs-parser"
"yocto-queue@1.2.1","MIT","https://github.com/sindresorhus/yocto-queue"
"yocto-spinner@0.2.3","MIT","https://github.com/sindresorhus/yocto-spinner"
"yoctocolors@2.1.2","MIT","https://github.com/sindresorhus/yoctocolors"
"zod-to-json-schema@3.24.6","ISC","https://github.com/StefanTerdell/zod-to-json-schema"
"zod-to-ts@1.2.0","MIT*","https://github.com/sachinraja/zod-to-ts"
"zod@3.25.76","MIT","https://github.com/colinhacks/zod"
"zwitch@2.0.4","MIT","https://github.com/wooorm/zwitch"